Model,MAE,RMSE,MAPE (%)
ARIMA,22.12,28.45,8.34
SARIMA,55.43991941565664,72.60853615892037,17.67527608869465
LSTM,16.483056526081818,20.412907220987115,4.44829933256529
